鶏肉,卵,玉ネギ,ごま油,塩,丼つゆ,水,めんつゆ,しょう油,みりん,酒,砂糖,トッピング,ねぎ,刻み海苔
うどん,かまぼこ,小口ねぎ,水,和風顆粒だし,醤油,みりん,鰹節,油揚げ
水,めんつゆ,みりん,だしの素,キヌサヤ,かまぼこ,ゆず,ネギ
豚肉,キャベツ,にんにく,パスタ,昆布だし,バター,ゆず胡椒,パスタのゆで汁,のり,きざみネギ
じゃがいもメークイン,玉ねぎ,にんじん,牛肉,しらたき,だし汁,三温糖,みりん,酒,醤油
マグロ,醤油,みりん,酒,しょうがチューブ,わさび
合い挽き肉,長ネギ,パン粉,牛乳,卵,油,酒,トマト,しその葉,醤油,みりん,レモン汁,大根おろし
長芋,梅干し,塩昆布,白だし
しょうゆ,めんつゆ,練りわさび,レモン汁,ごま油,砂糖,塩,かつお節,白ごま
ポン酢,みりん,醤油
牛肉,玉ねぎ,じゃがいも,しらたき,にんじん,調味料,酒,砂糖,しょうゆ,水,サラダ油
里芋,挽き肉,すき焼きのタレ
パスタ,エリンギ,しめじ,玉ねぎ,油揚げ,めんつゆ,昆布茶,水溶き片栗粉,オリーブ油
ごぼう,にんじん,ごま油,酒,しょうゆ,砂糖,みりん
鶏モモ肉,人参,牛蒡,油揚げ,しめじ,だしの素,醤油,みりん
カレイ,生姜,酒,砂糖,醤油,みりん,水
豚バラ肉,玉ねぎ,水,醤油,酒,みりん,生姜
大根,卵,こんにゃく,いも,さつま揚げ,魚河岸揚げ,がんもどき,はんぺん,ちくわ,水,顆粒だし,塩,みりん,しょうゆ,塩
お米,ごぼう,にんじん,しめじ,鶏肉,塩,酒,醤油,ヒガシマルうどんスープ
サーモン,マグロ,タコ,ベビーリーフ/千切りキャベツ,アボカド,きゅうり,プチトマト,ごま,大葉,刻み海苔,ごま油,わさび,ポン酢
豚バラ肉,大根,ニンジン,ネギ,牛蒡,水,和風出汁,芋焼酎,昆布つゆ,味噌,キャノーラ油,七味唐辛子
精白米,大麦,水,長芋,オクラ,めばちまぐろ,出汁,濃口醤油,みりん,わさび,きざみのり
だし,とり肉,玉ねぎ,人参,玉子,三つ葉
にんじん,大根,ごぼう,酒,醤油,砂糖,塩,にんにく,鶏もも肉,キノコ,ねぎ類,葉物野菜,油揚げ
ぶり切り身,塩,小麦粉,〈照り焼きのたれ〉,酒,みりん,砂糖,醤油,サラダ油,ほうれん草
キャベツ,豚肉スライス,もやし,ニラ,ごま油,中華だし,鍋用ラーメン,豆腐
もやし,卵,水,鶏がらスープの素,しょうゆ,ごま油,塩こしょう,薬味ねぎ,白ごま
鶏ミンチ,青ネギ,薄口醤油,しいたけ,緑豆はるさめ,小松菜,ショウガ,ニンニク,紹興酒,ナンプラー,水,ごま油
帆立貝柱,白菜,長ねぎ,牛乳,サラダ油,花椒,酒,塩,鶏がらスープのもと,片栗粉,水
白菜,鶏モモ肉,マロニー又は春雨,水,鶏ガラスープ,酒、みりん、砂糖,塩,醤油、オイスターソース,水とき片栗粉,ゴマ油
豚肉,キャベツ,水菜,にんにく,酒,ごま油,にんにくチューブ,水,鶏ガラスープの元,鷹の爪
豚バラ肉,白菜,ねぎ,厚揚げ,もやし,舞茸,水,みりん,ウェイパー
生鮭,白菜,長ねぎ,春菊,絹ごしまたは木綿豆腐,豆板醤,ごま油,水,鶏がらスープの素,酒、しょうゆ,塩
春雨,きゅうり,ハム,卵,砂糖,塩,シーチキン,ごま油,酢,醤油,鶏がらスープの素,白だし
きゅうり,わかめ,ツナ缶,いりごま,調味料,麺つゆ,ごま油,鶏がらスープの素,みりん,お酢
えび,しょうが,にんにく,ケチャップ,水,四川豆板醤,砂糖,醤油,ウェイパー,紹興酒,酢,片栗粉,サラダ油,長ねぎ,山椒,↓下処理↓,片栗粉,塩
豚こま切れ,イカ,むきえび,白菜,人参,椎茸,たけのこ,うずらの卵,キクラゲ,塩,胡椒,サラダ油,仕上げ,水溶き片栗粉,ごま油
豚ひき肉,椎茸,むき海老,オイスターソース,酒,ごま油,鶏ガラスープ,花椒,餃子の皮,鶏ガラスープ,水,ゼラチン
豚フィレ肉,日本酒,豆板醤,コチュジャン,オイスターソース,ニンニク,玉ねぎ,人参,筍の水煮,椎茸,ピーマン,パイナップル,オイスターソース,黒酢,醤油,水,塩,胡椒,サラダ油,水溶き片栗粉,長ネギ
白ご飯,豚肉,玉ねぎ,ねぎ,にんにく,中華だし,鶏ガラだし,塩コショウ,ごま油
豆腐,豚ひき肉,ねぎ,サラダ油,豆鼓醤,豆板醤,甜面醤,生姜すりおろし,にんにく,紹興酒,醤油,鶏がらスープの素,ラー油,花椒粉,水溶き片栗粉,塩
生姜,にんにく,豚ひき肉,甜麺醤,豆板醤,砂糖,しょうゆ,オイスターソース,XO醬,創味シャンタン,白ネギ,ねりごま,お好きな麺,トッピング↓,卵黄,白髪ねぎ,一味,花椒
豚ロース薄切り肉,ピーマン,醤油,酒,片栗粉,甜麺醤,オイスターソース,鶏がらスープの素,創味シャンタン
牛肉,たけのこ水煮,ピーマン,パプリカ,米油,にんにく,生姜,片栗粉,塩,白胡椒,砂糖,オイスターソース,ごま油,紹興酒,醤油,辣醬,水,鶏ガラスープ,白胡椒
モヤシ,きゅうり,かいわれ,ツナ缶,砂糖,醤油,鶏ガラスープの素,お酢,ごま油,いりごま
春雨,もやし,ハム,きゅうり,塩,鶏ガラスープの素,白だし,酢,ごま油,おろしニンニク
干し椎茸,ザーサイ,チンゲンサイ,ごま油,水,鶏がらスープの素,しょうゆ
ご飯,鶏がらスープの素,水,搾菜,刻みねぎ,醤油,ごま油
豚ひき肉,木綿豆腐,長ネギ,にんにく,しょうが,花椒,唐辛子,ごま油,豆板醤,豆豉醬,甜麺醤,鶏ガラスープ,砂糖,塩,紹興酒,醤油,水,片栗粉
スペアリブ,玉ねぎ,生姜,紹興酒,醤油,八角,花椒
卵,たまねぎ,じゃがいも,にんにく,塩,オリーブオイル
ひよこ豆,肉,ソーセージ,じゃがいも,にんじん,キャベツ,にんにく,水,塩,胡椒
玉ねぎ,パプリカ,バラ肉,じゃがいも,トマト,ひよこ豆,チョリソ,ローリエ,パプリカパウダー,白ワイン,塩
赤エビ,貝柱,オリーブオイル,ニンニク,生ハム,玉ねぎ,白ワイン,ホールトマト,トマト,トマトジュース,水,マギーブイヨン,パプリカパウダー,ご飯,ハーブソルト黒コショウ,卵,オリーブオイル
レンズ豆,玉ネギ,食パン,にんにく,固形スープの素,塩、コショウ,オリーブオイル,パプリカ,オレガノ、パセリ、バジル
じゃがいも,人参,タマネギ,チキン,レンズ豆,ニンニク,オリーブオイル,チキンスープ,シェリー酒,パセリ,クローブ,パプリカ
イカ,にんにく,鷹の爪,オリーブ油,パセリ
タコの足,じゃがいも,パプリカ,オリーブオイル,岩塩
バゲット,トマト,スライスチーズ,にんにく
オリーブオイル,にんにく,パン粉,水,ブイヨン,スイートパプリカ,卵,塩こしょう
ブラックタイガー海老,バージンオリーブオイル,ニンニク,赤唐辛子,塩,鶏ガラ
小エビ,ニンニク,赤唐辛子,オリーブオイル
ムール貝,月桂樹の葉,塩,レモン,にんにく,鷹の爪
エビ,アサリ,ムール貝,イカ,鶏肉骨付き,エシャロット,マッシュルーム,米,サフラン,チキンブイヨン,パプリカパウダー,ニンニク,塩コショウ,オリーブオイル
米,イカ,白身魚,エビ,アサリ,ムール貝,鶏モモ肉,にんにく,鶏がらスープの顆粒,オリーブオイル,白ワイン,サフラン,レモン,塩,コショウ,パプリカ
鶏もも肉,イカ,あさりかムール貝,エビ,豚ばらかスネ肉ブロック,玉ねぎ,トマト缶,緑ピーマン,パプリカ,固形スープの素,サフラン,塩,生米,スープストック用のお湯,エキストラバージンオリーブオイル,ニンニク
真鱈,塩,オリーブオイル,ニンニク,赤唐辛子,パセリ,トマト
バカラオ,ヒヨコ豆,玉ねぎ,ほうれんそう,じゃがいも,トマト,パプリカの粉,オリーブオイル,パネシージョ
パン耳,パプリカ黄色,ピーマン,エリンギ,ソーセージ,にんにく,オリーブオイル,塩,パプリカパウダー
バゲット,玉ねぎ,パプリカ,ピーマン,ウインナー,にんにく,オリーブオイル,卵,塩こしょう
米,有頭えび,タラ,あさり,玉ねぎ,ニンニク,オリーブオイル,トマトピューレ,水,コンソメ,パプリカパウダー,塩,パセリ
レンズ豆,料理用,トマト,ピーマン,ニンニクの山,玉ねぎ,ジャガイモ,人参,パプリカの香辛料,固形ブイヨン,オリーブオイル
ガラス豆の粉,豚の腹肉,パプリカの粉,にんにく,水,オリーブオイル,塩
鳥もも肉,ムール貝,芝海老,しいたけ,まいたけ,ニンニク,パプリカ,パプリカ,なす,唐辛子,オリーブオイル,アンチョビ,黒オリーブ,ブロッコリー,トマト,白髪葱,糸唐辛子,塩、胡椒,松の実,バター
牡蠣,タコ,アンチョビ,マッシュルーム,ニンニク,オリーブオイル,塩、ブラックペッパー,鷹の爪,バケット
ライスペーパー,具材,豚ひき肉,卵,玉ねぎ,にんじん,わけぎ,春雨,きくらげ,砂糖,ナンプラー,塩,コショウ,オリーブオイル,タレ,砂糖,水,ナンプラー,にんにく,唐辛子,レモン果汁
牛薄切り肉,パクチー,キュウリ,キュウリ,ナンプラー,レモン汁
鶏のもも肉,しょうゆ,ヌックマム,すりおろし生姜,スイートチリソース,ライムジュース,油,胡椒,にんにく,パクチー,レモングラス
鶏むね肉,しめじ,えのき,きゅうり,にんじん,ピーナッツ,レモン,チリ,砂糖,ナンプラー,塩コショウ,水
水,砂糖,豚バラ肉,水,赤い唐辛子,にんにく,塩,味付け,ココナッツミルク,お酢,ナンプラー,ゆで卵,仕上げ用,パクチー
ライスペーパー,大葉,パクチー,キャベツ,人参,細切りチーズ,挽肉,豚挽肉,玉ねぎ,卵,醤油,塩胡椒,にんにく,サテトム,酢,蜂蜜
卵,もやし,玉ねぎ,ピーマン,しめじ,油あげ,サラダ油,塩こしょう,ナンプラー,オイスターソース,塩,スイートチリソース
ライスペーパー,豚挽肉,緑豆春雨,にんじん,しいたけ,ヌクマム,塩,サラダオイル,スイートチリソース,ヌクマム,サニーレタス,パクチー
えび,酒,塩,もやしナムル,もやし,塩,ごま油,白煎りごま,生地,米粉,小麦粉,塩,ターメリック,細ねぎ,水,生野菜とハーブ,グリーンカール,大葉,香菜,タイバジル,スペアミント,なます入りヌックチャム,大根,塩,ヌックチャム,[ヌックチャム],ヌクマム,レモン汁,砂糖,水,にんにく,赤唐辛子,米油
豚肉,水菜,キュウリ,香菜,ナッツ類,酒,醤油,コショウ,片栗粉,タレ,ナンプラー,レモン汁,砂糖,ニンニク,唐辛子,香菜の根
鳥もも肉,塩胡椒,レモングラス,唐辛子,にんにく,砂糖,レモン汁,ナンプラー
ライスヌードル,牛骨,玉ねぎ,生姜,にんにく,きび砂糖/ロックキャンディー,ナンプラー,塩,しゃぶしゃぶ用牛肉,サーロイン肉,八角,シナモンスティック,コリアンダーシード,クローブ,カルダモン,フェンネルシード,唐辛子類,パクチー,タイバジル,もやし,ライム,ネギ,フライドオニオン,スリラーチャ,海鮮醬
乾燥フォー,玉ねぎ,豆苗,もやし,冷凍エビ,にんにく,甘唐辛子,ライム,ナンプラー,塩胡椒,サテトム,パクチー
フランスパン,タレ,ナンプラー,酢,レモン汁,砂糖,具,人参,大根,塩,干し海老,豚の薄切り,レタス,玉ねぎ,パクチー,マヨネーズ
ライスペーパー,具材,豚肉,むき海老,レタス,ニラ,きゅうり,にんじん,ビーフン,タレ,ナンプラー,にんにく,唐辛子,水,レモン汁,砂糖,味の素
人参,玉ねぎ,オレンジ,パクチー,ペパーミントの葉,ナンプラー,ポン酢,砂糖,オリーブオイル,粗挽きコショウ,砕いたピーナッツ
フランスパン,にんじん,きゅうり,豚レバーパテ,マーガリンorバター,豚バラ肉スライス,ヌクマム,砂糖,玉ねぎスライス,ローリエの葉,ネギの青い部分,にんにくすりおろし,塩,こしょう,五香粉,唐辛子,チリソース,パクチー
豚ロース肉または豚もも肉,にんにく,レモングラス,サラダ油,ナンプラー,砂糖,チリパウダー,水,ナンプラー,砂糖,酢,にんにくのみじん切り,唐辛子のみじん切り
緑豆春雨,海老,にんじん,パクチー,にら,サニーレタス,ライスペーパー,スイートチリソース
片栗粉,卵M,ターメリック,水,ナンプラー,塩,もやし,豚肉,料理酒,塩,にんにく,ごま油,レタス,パクチー,紫蘇,バジル,ブロッコリースプラウト,レモン,ナンプラー,砂糖
卵,もやし,豚挽肉,パクチー,ナンプラー,塩コショウ
レタス,パクチー,大葉,かいわれ,みょうが）,豚ロース,砂糖,ナンプラー,お湯,鷹の爪輪切り
セロリ,にんじん,パプリカ,きゅうり,モヤシ,グリーンオニオン,パクチーみじん切り,エビ,ピーナッツ,ニンニク,サラダ油,ナンプラー,レモン汁,にんにく,砂糖,クラッシュペッパーまたは唐辛子
スープストック,鶏もも肉,鶏手羽先または手羽元,しょうが,にんにく,ネギの青い部分,クローブ,シナモンパウダー,砂糖,ヌクマム　または　ナンプラー,塩、こしょう,フォーガー,ライスヌードル,もやし,スープストックで使った鶏肉,レモン　または　ライム,シャンツァイ
スープの材料,玉ねぎの薄切り,にんにくのみじん切り,八角,クローブ,シナモンスティック,レモングラスのみじん切り,チキンブロス,ビーフブロス,水,ナンプラー,しょうゆ,砂糖,付け合せの材料,フォーの麺,牛肉,パクチー,タイバジル,もやし,ねぎのみじん切り,チリソース又はラー油,ハラペーニョ,レモン又はライム,海鮮醤
里芋,だし汁,酒,みりん,砂糖,醤油,サラダ油
スパゲティ,玉ねぎ,人参,舞茸,小松菜,イワシ味付け缶,オリーブオイル,醤油,ほんだし,水,塩コショウ
じゃがいも,カリカリ梅,大葉,マヨネーズ,和風顆粒だし,砂糖,塩,こしょう,かつお節,白いりごま
ミンチ,豆腐,パン粉,卵,塩コショウ,和風あんかけ,めんつゆ,水,枝豆,キノコ,水溶き片栗粉,水,だしの素,だし醤油,料理酒
ご飯,しめじ,玉ねぎ,大葉,ねぎ,梅,ほんだし,ごま油,しょうが,塩コショウ,醤油
じゃがいも,梅,しそ,調味料,マヨネーズ,薄口醤油,こしょう
だし,とり肉,玉ねぎ,人参,玉子,三つ葉
合挽きひき肉,人参,玉ねぎ,椎茸,卵,パン粉,にんにくチューブ,クレイジーソルト,サラダエレガンス,サラダ油,和風だし,温かい水,<ソース>,醤油,お酒,みりん,砂糖
合い挽き肉,玉ねぎ,にんじん,パン粉,牛乳,卵黄,塩コショウ,にんにくチューブ,醤油,酒,みりん,オイスターソース,しょうがチューブ,水,お好きなきのこ,刻みネギ
パスタ,舞茸,しめじ,ベーコン,醤油,ほんだし,のり,油
春雨,卵,きゅうり,ハム,醤油,酢,さとう,ごま油,鶏がらスープ,白ごま
油揚げ,なめこ,えのき茸,春菊,調味料,練りゴマ,香錯,豆板醤,砂糖,醤油,胡麻油
もやし,ささみ,鶏ガラスープの素,水菜,醤油,ごま油,お酢,一味,塩
レタス,カニカマ,ごま油,にんにく,鶏ガラ顆粒,醤油,ブラックペッパー
お酢,醤油,砂糖,ごま油,すりごま,鶏がらスープのもと
ほうれん草,豆腐,ツナ缶,ごま油,すりごま,鶏がらスープの素,砂糖,塩,ブラックペッパー
大根,ザーサイ,ワンタンの皮,豆豉,豆板醤,酢,醤油,ゴマ油,塩コショウ
手羽元,しょうが,酒,水,オイスターソース,スウィートチリ,ゴマ油,紹興酒,手羽元のゆで汁
チンゲン菜,アスパラ,もやし,にんにく,オイスターソース,鶏ガラ,香味ペースト
もち米,干し椎茸,人参,たけのこ,チャーシュー,ゴマ油,しょうゆ,酒,塩,シャンタン,オイスターソース,戻し汁
じゃがいも,ニンニク,オリーブオイル,鷹の爪,マヨネーズ,片栗粉,ブラバスソース
にんにく,オリーブ油,茹でタコ,なす,パプリカ,ズッキーニ,唐辛子,パプリカパウダー,水,顆粒コンソメ,塩,トマト,卵,バケット1cm輪切り,イタリアンパセリ
タコ,塩コショウ,にんにく,オリーブオイル,パプリカパウダー,鷹の爪
NETOお魚カルドスープ,米,有頭海老,あさり,トマト,玉ねぎ,マッシュルーム,にんにく,パプリカ粉,サフラン,塩,オリーブオイル
レンズ豆スプラウト,玉ねぎ,赤パプリカ,グリーンオリーブ,ツナ缶,とうもろこし,塩,オリーブオイル
あさり,じゃがいも,玉ねぎ,にんにく,オリーブオイル,白ワイン,パセリ,塩,ブラックペッパー
オリーブ油,にんにく,鷹の爪,豚スペアリブ,塩
バゲット,卵,にんにく,水,コンソメ,塩,パプリカパウダー,オリーブオイル
トマト,にんにく,オリーブオイル,塩,バゲット
米ナス,赤パプリカ,玉ねぎ,にんにく,塩,こしょう,白ワインビネガー,オリーブ油
生春巻きの皮,豚ひき肉,春雨,椎茸,大葉,ネギのみじん切り,卵黄,塩コショウ,ナンプラー,ニンニク醤油or醤油,～添え野菜～,大葉,パクチー,レタス,万能ネギ,レモン,～つけダレ～,ナンプラー,スウィートチリソース
米粉,ココナッツミルク,水,ターメリック,にんじん,ヌクマム又はナンプラー,レモン果汁,おろしにんにく,もやし,エビ,サラダオイル,パクチー
人参,大根,鶏むね肉,フリルレタス,パクチー,バゲット
大根,セロリ,人参,生バジル,ナンプラー,スイートチリソース,ハーブ塩,黒胡椒,黒酢,ライム絞り汁
中華麺,肉味噌,鷹の爪,豚ミンチ,水,ナンプラー,オイスターソース,酢,砂糖,水溶き片栗粉,スープ,水,ナンプラー,鶏ガラスープの素,ブラックペッパー,細ねぎ,レモン汁,ラー油,パクチー
豚肉こま切れ,豚肉の下味用,砂糖,胡椒,醤油,ヌクマム,ネギ又は玉ねぎみじん切り,にんにくみじん切り,厚揚げ,ココナッツジュース,細ネギ,パクチー,ココナツジュースなければ)
鶏胸肉,玉ねぎ,青ネギ,サラダ油,ヌクマム,オイスターソース,鶏がらスープの素,砂糖,胡椒,生姜,にんにく,唐辛子
春雨,きゅうり,モヤシ,ニラ,ハム,ブロッコリースプラウト,調味料,ナンプラー,ごま油,レモン汁
なす,バジルの葉,サラダ油,白いりごま,砂糖,ナムプラー,酢,赤唐辛子,しょうゆ
フォー,牛小間切れ,ニラ,茗荷,パクチー,スープ,水,鶏ガラスープの素,塩,砂糖,醤油,ナンプラー,レモン汁
